id_scheda,url,titolo,rubrica_norm,fascicolo,anno,pagine,lunghezza,url_pdf_scheda,motivo_selezione
275,https://id.accademiadellacrusca.org/articoli/c-qualcuno-che-sbaglia/275,C’è qu alcuno che sbaglia!,CONSULENZA LINGUISTICA,"VIII, 2019/1 (gennaio-marzo)",2019,40,1,https://id.accademiadellacrusca.org/File/Download?code=6994f226-bccc-48a1-b0b8-cff82cbf4110,scheda fra le piu' brevi
279,https://id.accademiadellacrusca.org/articoli/quale-traducente-per-empowerment/279,Quale traducente per empowerment ?,CONSULENZA LINGUISTICA,"VIII, 2019/1 (gennaio-marzo)",2019,50,1,https://id.accademiadellacrusca.org/File/Download?code=2eb77a8d-533c-4ada-afcf-d20d1c617a14,scheda fra le piu' brevi
280,https://id.accademiadellacrusca.org/articoli/arrampicarsi-e-arrampicare/280,Arrampicarsi e arrampicare,CONSULENZA LINGUISTICA,"VIII, 2019/1 (gennaio-marzo)",2019,51-52,2,https://id.accademiadellacrusca.org/File/Download?code=cc4baef5-65f5-4e35-9f32-af0855374c2e,"2019: primo anno con corpo dell'articolo nell'HTML, etichetta «Quesito:» non ancora sistematica"
282,https://id.accademiadellacrusca.org/articoli/repubblica-ceca-o-cechia/282,Repubblica Ceca o Cechia ?,LA CRUSCA RISPOSE,"VIII, 2019/1 (gennaio-marzo)",2019,59-61,3,https://id.accademiadellacrusca.org/File/Download?code=adb38ba6-a70e-436f-b203-d0ac839c583e,"2019: primo anno con corpo dell'articolo nell'HTML, etichetta «Quesito:» non ancora sistematica"
330,https://id.accademiadellacrusca.org/articoli/alcune-varianti-di-nomi-di-frutti/330,Alcune varianti di nomi di frutti,LA CRUSCA RISPOSE,"IX, 2019/2 (aprile-giugno)",2019,79-80,2,https://id.accademiadellacrusca.org/File/Download?code=efa9e86e-93d9-4e4f-bbd4-fa7fddd81b72,rubrica La Crusca rispose: mai controllata
365,https://id.accademiadellacrusca.org/articoli/sextortion-una-minaccia-anche-per-la-nostra-lingua/365,Sextortion : una minaccia (anche) per la nostra lingua?,PAROLE NUOVE,"X, 2019/3 (luglio-settembre)",2019,61-64,4,https://id.accademiadellacrusca.org/File/Download?code=f4731885-2265-4861-81c8-ee25774258c4,"2019: primo anno con corpo dell'articolo nell'HTML, etichetta «Quesito:» non ancora sistematica"
401,https://id.accademiadellacrusca.org/articoli/imparare-e-insegnare-non-sono-la-stessa-cosa/401,Imparare e insegnare non sono la stessa cosa,CONSULENZA LINGUISTICA,"XI, 2019/4 (ottobre-dicembre)",2019,26-28,3,https://id.accademiadellacrusca.org/File/Download?code=8879b08d-9dd0-46eb-9a71-60507138f2b8,"2019: primo anno con corpo dell'articolo nell'HTML, etichetta «Quesito:» non ancora sistematica"
1495,https://id.accademiadellacrusca.org/articoli/webinar/1495,Webinar,PAROLE NUOVE,"XIV, 2020/3 (luglio-settembre)",2020,104-110,7,https://id.accademiadellacrusca.org/File/Download?code=0fc7286e-ca16-4255-95c9-5246f04a4e65,epoca 2020-2022
1512,https://id.accademiadellacrusca.org/articoli/ci-pu-essere-qualcosa-di-inarrivabile/1512,Ci può essere qualcosa di inarrivabile,CONSULENZA LINGUISTICA,"XIV, 2020/3 (luglio-settembre)",2020,54-55,2,https://id.accademiadellacrusca.org/File/Download?code=2722c9fd-726b-4bd5-8244-d3b082230ed4,epoca 2020-2022
435,https://id.accademiadellacrusca.org/articoli/scendere-in-campo-mettere-in-campo/435,Scendere in campo / mettere in campo,LA CRUSCA RISPOSE,"XII, 2020/1 (gennaio-marzo)",2020,79-82,4,https://id.accademiadellacrusca.org/File/Download?code=fb89e074-96fa-47da-b72d-4c1f0cbf3663,rubrica La Crusca rispose: mai controllata
466,https://id.accademiadellacrusca.org/articoli/efficientamento-ed-efficientare-sono-efficienti/466,Efficientamento ed efficientare sono efficienti!,CONSULENZA LINGUISTICA,"XIII, 2020/2 (aprile-giugno)",2020,30-31,2,https://id.accademiadellacrusca.org/File/Download?code=f4aa2496-ad4a-4111-be2e-cf0d616cd65a,epoca 2020-2022
3607,https://id.accademiadellacrusca.org/articoli/direttori-dorchestra-e-maestri-del-coro-anche-se-donne/3607,Direttori d’orchestra e maestri del coro anche se donne?,CONSULENZA LINGUISTICA,"XVI, 2021/1 (gennaio-marzo)",2021,94-98,5,https://id.accademiadellacrusca.org/File/Download?code=aa4448df-41f3-4c5b-9f90-1699c5ba6dae,consulenza di completamento
20872,https://id.accademiadellacrusca.org/articoli/ci-mancava-altro-ci-mancherebbe-altro/20872,"Ci mancava altro, ci mancherebbe altro",CONSULENZA LINGUISTICA,"XXII, 2022/3 (luglio-settembre)",2022,103-118,16,https://id.accademiadellacrusca.org/File/Download?code=0577eefb-3306-45de-9ea2-7a96027d66e3,scheda fra le piu' lunghe
24943,https://id.accademiadellacrusca.org/articoli/la-capigruppo-sulle-ragioni-di-una-presunta-sconcordanza/24943,La capigruppo : sulle ragioni di una (presunta) sconcordanza,CONSULENZA LINGUISTICA,"XXIV, 2023/1 (gennaio-marzo)",2023,35-38,4,https://id.accademiadellacrusca.org/File/Download?code=d96541ed-2e8c-43fb-babb-e208ef47f0f4,epoca 2023-2025
24985,https://id.accademiadellacrusca.org/articoli/meglio-non-volare-niente-dalla-finestra/24985,Meglio non volare niente dalla finestra,CONSULENZA LINGUISTICA,"XXIV, 2023/1 (gennaio-marzo)",2023,113-116,4,https://id.accademiadellacrusca.org/File/Download?code=9138a38b-24fa-42ce-a3b3-521e87c01a24,epoca 2023-2025
26053,https://id.accademiadellacrusca.org/articoli/oca-o-anatra-questo--il-problema-il-caso-di-papero-papera/26053,"Oca o anatra, questo è il problema. Il caso di papero/papera",CONSULENZA LINGUISTICA,"XXVI, 2023/3 (luglio-settembre)",2023,40-56,17,https://id.accademiadellacrusca.org/File/Download?code=3f8f5bf0-2c25-4115-841f-8cca8ed19585,scheda fra le piu' lunghe
31280,https://id.accademiadellacrusca.org/articoli/evidenziare-evidenziatura-evidenziazione/31280,"Evidenziare , evidenziatura , evidenziazione",CONSULENZA LINGUISTICA,"XXXI, 2024/4 (ottobre-dicembre)",2024,3-7,5,https://id.accademiadellacrusca.org/File/Download?code=6bb84627-49f6-4d89-a7f1-85a9b1770a39,epoca 2023-2025
31283,https://id.accademiadellacrusca.org/articoli/stavolta-a-che-cosa-ci-dobbiamo-sobbarcare/31283,Stavolta (a) che cosa ci dobbiamo sobbarcare ?,LA CRUSCA RISPOSE,"XXX, 2024/3 (luglio-settembre)",2024,145-148,4,https://id.accademiadellacrusca.org/File/Download?code=497a8fd6-1d99-439a-b18f-c1dda13bb3fa,rubrica La Crusca rispose: mai controllata
31289,https://id.accademiadellacrusca.org/articoli/il-content-creator--un-creatore-di-contenuti/31289,Il ( content ) creator è un creatore di contenuti,PAROLE NUOVE,"XXXI, 2024/4 (ottobre-dicembre)",2024,146-152,7,https://id.accademiadellacrusca.org/File/Download?code=76c7051b-dd8a-479e-acf4-b2cd36aba931,Parole nuove: profilo A2 da decidere
34410,https://id.accademiadellacrusca.org/articoli/skort-gonna-o-pantaloni/34410,Skort : gonna o pantaloni?,PAROLE NUOVE,"XXXIII, 2025/2 (aprile-giugno)",2025,160-166,7,https://id.accademiadellacrusca.org/File/Download?code=d45c5ef7-035f-40c0-ad53-fbaaa1d4c737,Parole nuove: profilo A2 da decidere
